<?xml version="1.0" encoding="UTF-8"?>
<!DOCTYPE suite SYSTEM "http://testng.org/testng-1.0.dtd">
<suite name="TestSuite" thread-count="3"  parallel="tests" >
  <test name="ChromeTest">
  <parameter name="browser" value="Chrome" />
    <classes>
       <class name="parallelTest.CrossBrowserScript">
       </class>
    </classes>
  </test>
  <test name="FirefoxTest">
  <parameter name="browser" value="Firefox" />
    <classes>
       <class name="parallelTest.CrossBrowserScript">
       </class>
    </classes>
  </test>
  <test name="EdgeTest">
  <parameter name="browser" value="Edge" />
    <classes>
       <class name="parallelTest.CrossBrowserScript">
       </class>
    </classes>
  </test>
 </suite>

